"agents,0,boundary,mass","agents,0,boundary,volume","agents,0,boundary,width","agents,0,boundary,length","agents,0,boundary,surface_area","agents,0,internal,protein","agents,1,boundary,mass","agents,1,boundary,volume","agents,1,boundary,width","agents,1,boundary,length","agents,1,boundary,surface_area","agents,1,internal,protein","agents,00,boundary,mass","agents,00,boundary,volume","agents,00,boundary,width","agents,00,boundary,length","agents,00,boundary,surface_area","agents,00,internal,protein","agents,01,boundary,mass","agents,01,boundary,volume","agents,01,boundary,width","agents,01,boundary,length","agents,01,boundary,surface_area","agents,01,internal,protein","agents,10,boundary,mass","agents,10,boundary,volume","agents,10,boundary,width","agents,10,boundary,length","agents,10,boundary,surface_area","agents,10,internal,protein","agents,11,boundary,mass","agents,11,boundary,volume","agents,11,boundary,width","agents,11,boundary,length","agents,11,boundary,surface_area","agents,11,internal,protein","colony_global,mass",time
1735.2632972463864,1.2172727272727273,1.0,1.8832131064245905,5.130890296890058,50000000.0,1735.2632972463864,1.2172727272727273,1.0,1.8832131064245905,5.130890296890058,50000000.0,3501.3872110763214,1.5820189931170183,1.0,2.1809558092253596,6.458975666367648,50444610.0,3501.3872110763214,1.5820189931170183,1.0,2.1809558092253596,6.458975666367648,50444610.0,3501.3871416657894,1.5820189615667768,1.0,2.1809557690543446,6.458975540166682,50444609.0,3501.3871416657894,1.5820189615667768,1.0,2.1809557690543446,6.458975540166682,50444609.0,3470.526594492773,0.0
1745.7061811797469,1.5775120884058058,1.0,2.341884106589357,6.571847741422372,50300902.0,1745.7061811797469,1.5775120884058058,1.0,2.341884106589357,6.571847741422372,50300902.0,1761.2293607631898,3.1830792827966556,1.0,4.386155750217275,12.994116518985773,50748188.0,1761.229326057924,3.1830792827966556,1.0,4.386155750217275,12.994116518985773,50748187.0,1761.229326057924,3.183079219696172,1.0,4.386155669875245,12.994116266583838,50748187.0,1761.229326057924,3.183079219696172,1.0,4.386155669875245,12.994116266583838,50748187.0,3491.4123623594937,1.0
1756.2119163497339,1.5870056192543154,1.0,2.353971645484843,6.6098218648164115,50603615.0,1756.2119163497339,1.5870056192543154,1.0,2.353971645484843,6.6098218648164115,50603615.0,1771.8285225091006,1.6011176006938088,1.0,2.371939578308175,6.666269790574386,51053593.0,1771.8284530985686,1.6011175691435673,1.0,2.3719395381371595,6.666269664373419,51053591.0,1771.8284878038346,1.6011175691435673,1.0,2.3719395381371595,6.666269664373419,51053592.0,1771.8284530985686,1.6011175691435673,1.0,2.3719395381371595,6.666269664373419,51053591.0,3512.4238326994678,2.0
1766.7808845142724,1.5965562875906671,1.0,2.366131934089336,6.648024538161818,50908150.0,1766.7808498090064,1.5965562875906671,1.0,2.366131934089336,6.648024538161818,50908149.0,1782.491472533818,1.6107532022810005,1.0,2.3842080072862997,6.704812196923151,51360836.0,1782.4914031232859,1.610753139180517,1.0,2.384207926944269,6.704811944521217,51360834.0,1782.491437828552,1.6107531707307587,1.0,2.3842079671152847,6.704812070722185,51360835.0,1782.49136841802,1.610753139180517,1.0,2.384207926944269,6.704811944521217,51360833.0,3533.561734323279,3.0
1777.413432726022,1.6061644404675204,1.0,2.3783654142840067,6.686457149669232,51214517.0,1777.413398020756,1.6061644089172786,1.0,2.378365374112991,6.686457023468264,51214516.0,1793.2185578900016,1.620446793212562,1.0,2.3965502705908497,6.743586560649396,51669927.0,1793.2184884794697,1.620446730112078,1.0,2.3965501902488184,6.743586308247461,51669925.0,1793.2185578900016,1.6204467616623202,1.0,2.3965502304198347,6.743586434448431,51669927.0,1793.218453774204,1.6204466985618364,1.0,2.396550150077803,6.743586182046494,51669924.0,3554.826830746778,4.0
1788.1099774481743,1.6158303933872926,1.0,2.3906724877790086,6.72512096134832,51522728.0,1788.1099427429083,1.6158303618370509,1.0,2.3906724476079937,6.725120835147354,51522727.0,1804.010229746109,1.6301986889909106,1.0,2.40896676993198,6.782594143762793,51980879.0,1804.010125630311,1.630198625890427,1.0,2.408966689589949,6.782593891360859,51980876.0,1804.0101950408427,1.6301986889909106,1.0,2.40896676993198,6.782594143762793,51980878.0,1804.010125630311,1.6301985943401853,1.0,2.4089666494189332,6.782593765159891,51980876.0,3576.2199201910826,5.0
1798.8709004386542,1.6255545249528858,1.0,2.4030536366265296,6.764017487610693,51832794.0,1798.8708657333882,1.6255544934026438,1.0,2.4030535964555138,6.764017361409725,51832793.0,1814.8668351547988,1.64000929976919,1.0,2.42145802753289,6.82183658687591,52293702.0,1814.866731039001,1.6400092051184645,1.0,2.4214579070198434,6.821836208273008,52293699.0,1814.866765744267,1.640009268218948,1.0,2.4214579873618742,6.821836460674942,52293700.0,1814.866731039001,1.6400092051184645,1.0,2.4214579070198434,6.821836208273008,52293699.0,3597.7417661720424,6.0
1809.6965487501213,1.6353371822169585,1.0,2.4155093027077372,6.803148116666983,52144725.0,1809.6965487501213,1.6353371506667165,1.0,2.4155092625367214,6.803147990466014,52144725.0,1825.7887558739976,1.6498789410498171,1.0,2.4340244451037347,6.861315151998418,52608407.0,1825.7886864634654,1.6498788463990919,1.0,2.4340243245906885,6.861314773395517,52608405.0,1825.7887211687316,1.6498788779493336,1.0,2.434024364761704,6.861314899596484,52608406.0,1825.7886517581996,1.6498788463990919,1.0,2.4340243245906885,6.861314773395517,52608404.0,3619.3930975002427,7.0
1820.5873735510331,1.6451786806819284,1.0,2.4280398877327873,6.842514110526863,52458534.0,1820.5873735510331,1.6451786806819284,1.0,2.4280398877327873,6.842514110526863,52458534.0,1836.7764430721616,1.6598079598854525,1.0,2.446666464525686,6.901031227340959,52925007.0,1836.7763389563636,1.6598078967849685,1.0,2.4466663841836542,6.901030974939022,52925004.0,1836.7764083668953,1.6598079283352105,1.0,2.44666642435467,6.90103110113999,52925006.0,1836.7763042510976,1.659807865234727,1.0,2.4466663440126393,6.901030848738057,52925003.0,3641.1747471020662,8.0
1831.543721894049,1.6550794305009393,1.0,2.4406459139248815,6.882117109802906,52774231.0,1831.5437565993147,1.6550794305009393,1.0,2.4406459139248815,6.882117109802906,52774232.0,1847.8302090966847,1.6697967664292377,1.0,2.459384608021943,6.940986453516101,53243511.0,1847.8301396861527,1.6697966717785124,1.0,2.4593844875088964,6.940986074913199,53243509.0,1847.8302090966847,1.6697967348789957,1.0,2.459384567850927,6.940986327315133,53243511.0,1847.830104980887,1.6697966402282705,1.0,2.4593844473378805,6.940985948712231,53243508.0,3663.087478493364,9.0
1842.5660449476263,1.6650397471764082,1.0,2.4533277829941738,6.921958376504782,53091829.0,1842.5660449476263,1.6650397787266498,1.0,2.453327823165189,6.921958502705749,53091829.0,1858.9505398212905,1.6798456446333498,1.0,2.4721792371316456,6.9811819663325485,53563933.0,1858.9504357054925,1.6798455815328661,1.0,2.4721791567896148,6.9811817139306145,53563930.0,1858.9505398212905,1.6798456446333498,1.0,2.4721792371316456,6.9811819663325485,53563933.0,1858.9504357054925,1.6798455499826246,1.0,2.4721791166186,6.981181587729649,53563930.0,3685.1320898952526,10.0
1853.6546550591581,1.6750600408614784,1.0,2.4660860171638657,6.962039551245065,53411337.0,1853.6546550591581,1.6750600408614784,1.0,2.4660860171638657,6.962039551245065,53411337.0,1870.1377822986378,1.6899550362011733,1.0,2.4850509142490105,7.021619532603842,53886283.0,1870.1376781828399,1.6899549415504478,1.0,2.485050793735964,7.02161915400094,53886280.0,1870.1377822986378,1.6899550362011733,1.0,2.4850509142490105,7.021619532603842,53886283.0,1870.1376781828399,1.6899549415504478,1.0,2.485050793735964,7.02161915400094,53886280.0,3707.3093101183163,11.0
1864.8100381023683,1.6851405955083256,1.0,2.478920977973095,7.0023617698324525,53732769.0,1864.8100033971025,1.6851405955083256,1.0,2.478920977973095,7.0023617698324525,53732768.0,1881.3923529919182,1.7001252566351253,1.0,2.498000041084192,7.06230041433965,54210573.0,1881.392214170855,1.7001251619843998,1.0,2.497999920571145,7.062300035736748,54210569.0,1881.3923182866524,1.7001252566351253,1.0,2.498000041084192,7.06230041433965,54210572.0,1881.3922488761207,1.7001251619843998,1.0,2.497999920571145,7.062300035736748,54210570.0,3729.620041499471,12.0
1876.0325411299157,1.6952818528203348,1.0,2.4918332278160795,7.0429267990804885,54056135.0,1876.0325064246497,1.695281821270093,1.0,2.491833187645064,7.0429266728795215,54056134.0,1892.7146336590574,1.7103566845381075,1.0,2.511027099689376,7.103226125951581,54536814.0,1892.7144948379937,1.7103565583371407,1.0,2.511026939005314,7.103225621147712,54536810.0,1892.7145989537917,1.7103566529878658,1.0,2.5110270595183604,7.103225999750613,54536813.0,1892.71452954326,1.7103565898873825,1.0,2.5110269791763296,7.103225747348679,54536811.0,3752.0650475545654,13.0
1887.322580604992,1.7054841282999234,1.0,2.504823168402974,7.083735900998843,54381447.0,1887.322545899726,1.7054840967496816,1.0,2.5048231282319584,7.083735774797876,54381446.0,1904.1050407632467,1.7206496669627795,1.0,2.5241325319457326,7.144398055650269,54865018.0,1904.104901942183,1.7206495407618125,1.0,2.5241323712616706,7.1443975508464,54865014.0,1904.1050060579805,1.7206496354125378,1.0,2.5241324917747168,7.144397929449301,54865017.0,1904.1049366474488,1.7206495723120545,1.0,2.524132411432686,7.144397677047367,54865015.0,3774.645126504718,14.0
1898.6805729907887,1.7157478005499927,1.0,2.5178912817859627,7.12479058999912,54708717.0,1898.6805382855225,1.715747768999751,1.0,2.5178912416149473,7.124790463798153,54708716.0,1915.564025472943,1.7310045825120426,1.0,2.537316819905447,7.185817717847321,55195198.0,1915.5638866518789,1.7310044563110754,1.0,2.5373166592213847,7.185817213043451,55195194.0,1915.5639907676768,1.7310045509618004,1.0,2.5373167797344305,7.18581759164635,55195197.0,1915.5638866518789,1.731004487861317,1.0,2.5373166993924006,7.1858173392444185,55195194.0,3797.361111276311,15.0
1910.1069000452305,1.7260732481734442,1.0,2.5310380500172327,7.166092380492925,55037956.0,1910.1068653399645,1.7260732166232022,1.0,2.531038009846217,7.166092254291957,55037955.0,1927.091969546072,1.7414218413390392,1.0,2.5505804857917207,7.227486753155307,55527365.0,1927.0918307250079,1.7414217151380718,1.0,2.550580325107658,7.227486248351437,55527361.0,1927.0919348408058,1.7414218097887972,1.0,2.550580445620705,7.227486626954339,55527364.0,1927.0918307250079,1.7414217151380718,1.0,2.550580325107658,7.227486248351437,55527361.0,3820.213765385195,16.0
1921.6020129367755,1.7364608182229369,1.0,2.544263914977954,7.207642660690897,55369177.0,1921.6019782315093,1.736460786672695,1.0,2.5442638748069384,7.20764253448993,55369176.0,1938.6892547405587,1.7519017904964291,1.0,2.563923971485723,7.269406549784865,55861530.0,1938.6891506247607,1.7519016642954617,1.0,2.563923810801661,7.269406044980996,55861527.0,1938.6892547405587,1.7519017589461872,1.0,2.563923931314707,7.269406423583897,55861530.0,1938.689115919495,1.7519016642954617,1.0,2.563923810801661,7.269406044980996,55861526.0,3843.203991168285,17.0
1933.1662934233486,1.746910920851614,1.0,2.557569398891326,7.249443071205605,55702391.0,1933.1662587180826,1.746910889301372,1.0,2.5575693587203103,7.2494429450046365,55702390.0,1950.3563669301263,1.7624447770368716,1.0,2.5773477188686256,7.3115784959466374,56197707.0,1950.3562628143284,1.7624446823861462,1.0,2.577347598355579,7.3115781173437355,56197704.0,1950.3563322248606,1.7624447770368716,1.0,2.5773477188686256,7.3115784959466374,56197706.0,1950.3562281090626,1.7624446508359044,1.0,2.577347558184563,7.311577991142767,56197703.0,3866.3325521414313,18.0
1944.8001579681413,1.757423903112135,1.0,2.570954943638521,7.29149500024769,56037610.0,1944.8001232628756,1.7574238715618933,1.0,2.5709549034675057,7.291494874046723,56037609.0,1962.0936878727011,1.7730512426637512,1.0,2.5908522903346425,7.354004358454154,56535907.0,1962.0935837569032,1.7730511480130258,1.0,2.590852169821596,7.354003979851252,56535904.0,1962.093653167435,1.7730512111135097,1.0,2.5908522501636275,7.354004232253189,56535906.0,1962.0935490516374,1.7730511164627842,1.0,2.590852129650581,7.354003853650287,56535903.0,3889.600281231017,19.0
1956.5040577396112,1.768000143607401,1.0,2.584421031271723,7.3337999622287535,56374847.0,1956.503988329079,1.7680001120571596,1.0,2.584420991100708,7.333799836027787,56374845.0,1973.9016340314736,1.7837215344297284,1.0,2.6044381277649467,7.3966855255180635,56876142.0,1973.9015299156756,1.7837214397790029,1.0,2.6044380072519004,7.396685146915162,56876139.0,1973.9015993262074,1.7837215028794864,1.0,2.6044380875939313,7.3966853993170965,56876141.0,1973.9014952104094,1.7837214082287614,1.0,2.604437967080885,7.396685020714195,56876138.0,3913.0080460686904,20.0
1968.278374495683,1.7786400524905557,1.0,2.5979681840141344,7.376359597761372,56714113.0,1968.2783050851508,1.7786399893900717,1.0,2.597968103672103,7.376359345359437,56714111.0,1985.7806565749015,1.7944560309377033,1.0,2.618105713211722,7.439623511549963,57218425.0,1985.7805177538373,1.7944559362869779,1.0,2.6181055926986754,7.4396231329470615,57218421.0,1985.7806218696353,1.7944559993874611,1.0,2.6181056730407057,7.439623385348994,57218424.0,1985.7805177538373,1.7944559047367359,1.0,2.61810555252766,7.4396230067460944,57218421.0,3936.5566795808336,21.0
1980.1235246995482,1.7893439768142574,1.0,2.611596843746924,7.419175295056179,57055420.0,1980.1234899942824,1.7893439137137734,1.0,2.6115967634048927,7.419175042654244,57055419.0,1997.7311719661757,1.8052551423408196,1.0,2.6318555688981697,7.482819957162428,57562768.0,1997.7309984398457,1.8052550161398522,1.0,2.6318554082141077,7.482819452358559,57562763.0,1997.7311372609095,1.8052551107905774,1.0,2.6318555287271543,7.482819830961461,57562767.0,1997.7310331451115,1.8052550161398522,1.0,2.6318554082141077,7.482819452358559,57562764.0,3960.2470146938304,22.0
1992.0399595196643,1.8001122951814075,1.0,2.6253074925222775,7.462248568524779,57398781.0,1992.0399595196643,1.8001122636311657,1.0,2.6253074523512625,7.462248442323814,57398781.0,2009.7535966684875,1.8161192472419778,1.0,2.6456881768764755,7.52627637676706,57909183.0,2009.7534231421578,1.8161190894907688,1.0,2.645687976021398,7.5262757457622245,57909178.0,2009.7535619632217,1.8161192156917358,1.0,2.64568813670546,7.526276250566093,57909182.0,2009.7534578474238,1.8161191210410104,1.0,2.6456880161924134,7.5262758719631915,57909179.0,3984.0799190393286,23.0
2004.028130124489,1.8109454177451494,1.0,2.6391006525633967,7.505581058779748,57744209.0,2004.028130124489,1.8109454177451494,1.0,2.6391006525633967,7.505581058779748,57744209.0,2021.8483471450288,1.8270487242440796,1.0,2.659604019198825,7.5699942847754675,58257682.0,2021.8481736186995,1.8270485664928706,1.0,2.6596038183437476,7.569993653770632,58257677.0,2021.8483471450288,1.8270486926938379,1.0,2.6596039790278097,7.5699941585745005,58257682.0,2021.848208323965,1.8270485980431126,1.0,2.659603858514763,7.569993779971599,58257678.0,4008.056260248978,24.0
2016.088418271947,1.8218437546586264,1.0,2.652976846093482,7.549174406433655,58091715.0,2016.0884529772131,1.8218437546586264,1.0,2.652976846093482,7.549174406433655,58091716.0,2034.0159092695228,1.8380439519500262,1.0,2.6736035779174046,7.613975195599256,58608279.0,2034.015735743193,1.8380437941988177,1.0,2.673603377062327,7.61397456459442,58608274.0,2034.0159092695228,1.8380439519500262,1.0,2.6736035779174046,7.613975195599256,58608279.0,2034.0157704484589,1.8380438257490592,1.0,2.6736034172333425,7.613974690795387,58608275.0,4032.1768712491603,25.0
2028.221309835762,1.8328076529744972,1.0,2.6669365149937043,7.593029999697138,58441313.0,2028.2213445410277,1.8328076845247392,1.0,2.66693655516472,7.593030125898107,58441314.0,2046.2566995051602,1.8491053720632025,1.0,2.6876874154264287,7.658220876051959,58960986.0,2046.2565259788305,1.8491052143119937,1.0,2.687687214571352,7.658220245047126,58960981.0,2046.2566647998945,1.8491053720632025,1.0,2.6876874154264287,7.658220876051959,58960985.0,2046.2565606840967,1.8491052458622352,1.0,2.687687254742367,7.658220371248091,58960982.0,4056.4426543767895,26.0
2040.427221279125,1.8438375543961472,1.0,2.680980221658279,7.637149605383737,58793015.0,2040.427255984391,1.843837585946389,1.0,2.680980261829295,7.637149731584705,58793016.0,2058.5711690203993,1.8602333631865093,1.0,2.7018560137780856,7.702732840545188,59315816.0,2058.5709607888034,1.8602332054353004,1.0,2.7018558129230077,7.702732209540351,59315810.0,2058.5710996098674,1.8602333316362676,1.0,2.7018559736070697,7.70273271434422,59315814.0,2058.571030199335,1.8602332369855425,1.0,2.7018558530940235,7.702732335741319,59315812.0,4080.854477263516,27.0
2052.7066037704935,1.8549338375264772,1.0,2.6951084481393934,7.681534737905058,59146834.0,2052.7066037704935,1.854933869076719,1.0,2.6951084883104093,7.681534864106026,59146834.0,2070.959699573164,1.8714283354730903,1.0,2.716109895195574,7.74751272969151,59672780.0,2070.9595260468345,1.8714281461716396,1.0,2.7161096541694816,7.747511972485708,59672775.0,2070.9596648678985,1.8714282723726068,1.0,2.716109814853543,7.747512477289576,59672779.0,2070.9595954573665,1.8714282092721226,1.0,2.7161097345115115,7.74751222488764,59672777.0,4105.413207540987,28.0
2065.059873773059,1.8660969125186304,1.0,2.709321716660247,7.72618703787367,59502782.0,2065.059873773059,1.8660969125186304,1.0,2.709321716660247,7.72618703787367,59502782.0,2083.4228117424454,1.8826906359756037,1.0,2.7304495015600647,7.792561931701563,60031893.0,2083.4226382161155,1.882690478224395,1.0,2.730449300704988,7.792561300696731,60031888.0,2083.422777037179,1.8826906044253622,1.0,2.7304494613890498,7.792561805500598,60031892.0,2083.4227076266475,1.8826905413248787,1.0,2.730449381047019,7.792561553098664,60031890.0,4130.119747546118,29.0
2077.4874824552776,1.877327157975508,1.0,2.723620509273026,7.771108019701181,59860872.0,2077.4874824552776,1.877327157975508,1.0,2.723620509273026,7.771108019701181,59860872.0,2095.960921991433,1.8940207379476777,1.0,2.744875435436791,7.837882339589859,60393167.0,2095.960748465103,1.8940205801964687,1.0,2.7448752345817136,7.837881708585023,60393162.0,2095.9608872861672,1.8940207063974355,1.0,2.7448753952657756,7.837882213388892,60393166.0,2095.9608178756353,1.8940206432969522,1.0,2.7448753149237444,7.837881960986957,60393164.0,4154.974964910555,30.0
2089.989880985608,1.8886249840502523,1.0,2.7380053482009306,7.816299324000159,60221117.0,2089.989880985608,1.8886249840502523,1.0,2.7380053482009306,7.816299324000159,60221117.0,2108.574481488585,1.905419019992212,1.0,2.7593881788779377,7.883475467767999,60756615.0,2108.5743079622553,1.9054188622410027,1.0,2.7593879780228594,7.883474836763161,60756610.0,2108.574446783319,1.90541898844197,1.0,2.759388138706922,7.8834753415670304,60756614.0,2108.5744120780532,1.9054189253414866,1.0,2.759388058364891,7.883475089165096,60756613.0,4179.979761971216,31.0
2102.5675205325074,1.8999908008960074,1.0,2.7524767556671628,7.861762591383179,60583530.0,2102.5675205325074,1.8999908008960074,1.0,2.7524767556671628,7.861762591383179,60583530.0,2121.2639761076243,1.9168858922623502,1.0,2.7739882541067042,7.92934295684855,61122251.0,2121.263767876029,1.9168857345111412,1.0,2.773988053251627,7.929342325843714,61122245.0,2121.2639414023583,1.9168858607121084,1.0,2.773988213935689,7.929342830647583,61122250.0,2121.263871991827,1.9168858291618667,1.0,2.773988173764673,7.929342704446615,61122248.0,4205.135041065015,32.0
2115.2208522644323,1.9114250186659159,1.0,2.767035253894924,7.907499462462813,60948124.0,2115.2208522644323,1.9114250186659159,1.0,2.767035253894924,7.907499462462813,60948124.0,2134.029787606477,1.9284217964614767,1.0,2.7886762235173084,7.975486573645056,61490086.0,2134.0295793748815,1.9284216071600262,1.0,2.788675982491216,7.975485816439254,61490080.0,2134.029787606477,1.928421764911235,1.0,2.7886761833462934,7.97548644744409,61490086.0,2134.0296834906794,1.9284217018107517,1.0,2.7886761030042626,7.975486195042157,61490083.0,4230.441704528865,33.0
2127.9503273498403,1.9229280475131203,1.0,2.7816813651074144,7.953511577851632,61314912.0,2127.9503273498403,1.9229280475131203,1.0,2.7816813651074144,7.953511577851632,61314912.0,2146.872471269398,1.9400270796422519,1.0,2.8034525289909213,8.021907706368157,61860136.0,2146.872228332536,1.9400268903408013,1.0,2.803452287964829,8.021906949162355,61860129.0,2146.8724365641315,1.9400270796422519,1.0,2.8034525289909213,8.021907706368157,61860135.0,2146.872332448334,1.9400269849915268,1.0,2.803452408477875,8.021907327765256,61860132.0,4255.900654699681,34.0
2140.756396957189,1.934500297590764,1.0,2.7964156115278347,7.999800578162206,61683907.0,2140.756396957189,1.934500297590764,1.0,2.7964156115278347,7.999800578162206,61683907.0,2159.7924435595774,1.9517022466085436,1.0,2.8183178132637896,8.068608374233325,62232413.0,2159.7922006227163,1.951702025756851,1.0,2.8183175320666813,8.068607490826555,62232406.0,2159.7923741490454,1.9517022150583014,1.0,2.818317773092774,8.068608248032357,62232411.0,2159.792304738514,1.9517021204075764,1.0,2.8183176525797276,8.068607869429455,62232409.0,4281.512793914378,35.0
2153.639546960201,1.94614217905199,1.0,2.8112385153793866,8.04636810400711,62055123.0,2153.639546960201,1.94614217905199,1.0,2.8112385153793866,8.04636810400711,62055123.0,2172.790120940208,1.9634476759632522,1.0,2.8332725583880976,8.115590091652157,62606929.0,2172.7899127086125,1.9634474551115604,1.0,2.8332722771909906,8.115589208245392,62606923.0,2172.790086234942,1.9634476128627685,1.0,2.8332724780460667,8.115589839250223,62606928.0,2172.79001682441,1.9634475497622854,1.0,2.833272397704037,8.115589586848293,62606926.0,4307.279093920402,36.0
2166.600228527335,1.957854133600183,1.0,2.8261506390562863,8.09321592219988,62428573.0,2166.600228527335,1.957854133600183,1.0,2.8261506390562863,8.09321592219988,62428573.0,2185.8660586955443,1.97526374630928,1.0,2.848317246416033,8.16285437303627,62983700.0,2185.865815758683,1.9752635570078296,1.0,2.8483170053899407,8.162853615830468,62983693.0,2185.8660239902783,1.9752637147590382,1.0,2.8483172062450177,8.162854246835302,62983699.0,2185.865919874481,1.9752636516585547,1.0,2.8483171259029865,8.162853994433368,62983696.0,4333.20045705467,37.0
2179.638892827046,1.9696365713884862,1.0,2.8411525047817365,8.140345673353096,62804270.0,2179.638892827046,1.9696365713884862,1.0,2.8411525047817365,8.140345673353096,62804270.0,2199.0206732887777,1.9871509624504948,1.0,2.8634525200838414,8.210403237601128,63362738.0,2199.0204303519163,1.9871507415988026,1.0,2.863452238886734,8.210402354194361,63362731.0,2199.0206385835118,1.987150930900253,1.0,2.8634524799128265,8.210403111400161,63362737.0,2199.020534467714,1.987150836249528,1.0,2.8634523593997807,8.210402732797263,63362734.0,4359.277785654092,38.0
2192.7560604383248,1.981489902570042,1.0,2.856244634778936,8.187758998079318,63182229.0,2192.7560604383248,1.981489902570042,1.0,2.856244634778936,8.187758998079318,63182229.0,2212.2544505936316,1.999109702989798,1.0,2.87867886144371,8.258238199758342,63744057.0,2212.25420765677,1.9991094821381057,1.0,2.878678580246602,8.258237316351572,63744050.0,2212.254415888366,1.9991096714395562,1.0,2.878678821272695,8.258238073557376,63744056.0,2212.254311772568,1.9991095767888307,1.0,2.8786787007596484,8.258237694954474,63744053.0,4385.5121208766495,39.0
2205.952147824363,1.993414600398477,1.0,2.871427631613116,8.235457789393056,63562462.0,2205.952147824363,1.993414600398477,1.0,2.871427631613116,8.235457789393056,63562462.0,2225.567876483829,2.011140409630574,1.0,2.8939968328898544,8.306361026321447,64127671.0,2225.567633546968,2.011140188778882,1.0,2.893996551692746,8.306360142914677,64127664.0,2225.5678417785634,2.011140378080333,1.0,2.8939967927188395,8.306360900120481,64127670.0,2225.567737662766,2.0111402834296075,1.0,2.893996672205793,8.306360521517579,64127667.0,4411.904295648726,40.0
2219.2276408588823,2.0054110434766934,1.0,2.8867019773364664,8.283443561705923,63944983.0,2219.2276408588823,2.0054110434766934,1.0,2.8867019773364664,8.283443561705923,63944983.0,2238.9614021278276,2.023243524076208,1.0,2.9094069968164913,8.354773484103983,64513593.0,2238.961193896232,2.0232433032245165,1.0,2.909406715619384,8.354772600697217,64513587.0,2238.9614021278276,2.0232434925259666,1.0,2.909406956645476,8.354773357903017,64513593.0,2238.961263306764,2.0232433978752415,1.0,2.9094068361324297,8.354772979300115,64513589.0,4438.455281717765,41.0
2232.5830254156076,2.017479673508075,1.0,2.9020682343432,8.33171808183145,64329806.0,2232.5830254156076,2.017479673508075,1.0,2.9020682343432,8.33171808183145,64329806.0,2252.4355481046164,2.0354194564798433,1.0,2.9249098754468217,8.403477213718524,64901838.0,2252.4353398730204,2.035419267178393,1.0,2.924909634420729,8.40347645651272,64901832.0,2252.4355481046164,2.0354194564798433,1.0,2.9249098754468217,8.403477213718524,64901838.0,2252.4354092835524,2.0354193302788763,1.0,2.9249097147627596,8.403476708914654,64901834.0,4465.166050831215,42.0
2246.0187873682607,2.029620932196007,1.0,2.917526965027534,8.380283116583177,64716945.0,2246.0187873682607,2.029620932196007,1.0,2.917526965027534,8.380283116583177,64716945.0,2265.990800287918,2.047668680095106,1.0,2.9405060713460776,8.452474108179572,65292420.0,2265.9905573510564,2.047668490793655,1.0,2.9405058303199842,8.452473350973769,65292413.0,2265.990765582652,2.047668680095106,1.0,2.9405060713460776,8.452474108179572,65292419.0,2265.9906267615884,2.0476685538941384,1.0,2.940505910662015,8.452473603375703,65292415.0,4492.0375747365215,43.0
2259.5354125905656,2.0418352612438735,1.0,2.9330787317836853,8.429140432774645,65106414.0,2259.5354125905656,2.0418352612438735,1.0,2.9330787317836853,8.429140432774645,65106414.0,2279.6276098461904,2.05999163662538,1.0,2.956196146908475,8.50176593430067,65685352.0,2279.6273669093284,2.0599914157736876,1.0,2.9561958657113667,8.501765050893901,65685345.0,2279.6276098461904,2.059991605075138,1.0,2.9561961067374596,8.501765808099702,65685352.0,2279.6274710251264,2.059991478874171,1.0,2.9561959460533975,8.501765303295834,65685348.0,4519.070825181131,44.0
2273.13335225098,2.0541231023550597,1.0,2.94872409700587,8.478291797219388,65498226.0,2273.13335225098,2.0541231023550597,1.0,2.94872409700587,8.478291797219388,65498226.0,2293.3464973584223,2.0723887362238096,1.0,2.971980624357216,8.551354332694387,66080649.0,2293.346254421561,2.0723885153721167,1.0,2.971980343160107,8.551353449287616,66080642.0,2293.3464973584223,2.0723887362238096,1.0,2.971980624357216,8.551354332694387,66080649.0,2293.346358537359,2.072388610022842,1.0,2.9719804636731535,8.551353827890518,66080645.0,4546.26670450196,45.0
2286.8131616337578,2.066484865682709,1.0,2.96446358291729,8.527738850529985,65892397.0,2286.8131616337578,2.066484865682709,1.0,2.96446358291729,8.527738850529985,65892397.0,2307.1479139930716,2.0848604521440204,1.0,2.9878601062575316,8.60124119637523,66478324.0,2307.1477057614757,2.084860231292328,1.0,2.987859825060423,8.60124031296846,66478318.0,2307.1479486983376,2.0848604521440204,1.0,2.9878601062575316,8.60124119637523,66478325.0,2307.1478098772736,2.0848603259430534,1.0,2.9878599455734696,8.601240691571363,66478321.0,4573.6263232675155,46.0
2300.5752919073575,2.0789210560306888,1.0,2.9802978322541915,8.577483611921906,66288940.0,2300.5752919073575,2.0789210560306888,1.0,2.9802978322541915,8.577483611921906,66288940.0,2321.0324150343927,2.097407194539156,1.0,3.0038351148326234,8.651428165955775,66878393.0,2321.032206802797,2.097407005237705,1.0,3.00383487380653,8.65142740874997,66878387.0,2321.032449739658,2.097407226089398,1.0,3.003835155003639,8.65142829215674,66878394.0,2321.032310918595,2.0974070998884304,1.0,3.003834994319577,8.651427787352873,66878390.0,4601.150583814715,47.0
2314.4202636507675,2.091432083552143,1.0,2.996227367239777,8.627527722007724,66687870.0,2314.420228945501,2.091432083552143,1.0,2.996227367239777,8.627527722007724,66687869.0,2335.0004863561094,2.1100294682130842,1.0,3.0199062928187383,8.701917260651488,67280870.0,2335.000243419248,2.1100292789116337,1.0,3.019906051792646,8.701916503445686,67280863.0,2335.0005210613754,2.1100294997633258,1.0,3.0199063329897537,8.701917386852454,67280871.0,2335.000347535046,2.110029373562359,1.0,3.0199061723056926,8.701916882048588,67280866.0,4628.840492596269,48.0
2328.3485280324453,2.104018421500698,1.0,3.0122527904392777,8.67787307380194,67089200.0,2328.3484933271793,2.1040183899504554,1.0,3.0122527502682614,8.67787294760097,67089199.0,2349.052613831945,2.1227277148691903,1.0,3.0360742026100938,8.75271024727591,67685769.0,2349.052370895083,2.1227274940174983,1.0,3.036073921412986,8.752709363869144,67685762.0,2349.052648537211,2.1227277464194323,1.0,3.0360742427811096,8.75271037347688,67685770.0,2349.0524750108807,2.1227275886682233,1.0,3.036074041926032,8.752709742472044,67685765.0,4656.697021359625,49.0
2342.36060563138,2.116680480029496,1.0,3.0283746240758944,8.728521307917134,67492945.0,2342.360570926114,2.116680448479254,1.0,3.0283745839048786,8.728521181716165,67492944.0,2363.1893180408883,2.135502376210859,1.0,3.052339406600906,8.803808892642587,68093105.0,2363.189075104026,2.1355021553591667,1.0,3.0523391254037975,8.803808009235816,68093098.0,2363.1893180408883,2.135502407761101,1.0,3.0523394467719216,8.803809018843554,68093105.0,2363.189144514558,2.1355022500098917,1.0,3.0523392459168437,8.803808387838718,68093100.0,4684.721176557494,50.0
2356.4570170265606,2.1294187323921636,1.0,3.0445934707148594,8.779474317367805,67899120.0,2356.456982321295,2.129418700841922,1.0,3.044593430543844,8.779474191166837,67899119.0,2377.411084856662,2.1483539254917168,1.0,3.0687025073564067,8.855215089766016,68502892.0,2377.4108419198005,2.1483537046400234,1.0,3.068702226159297,8.855214206359243,68502885.0,2377.411084856662,2.1483539254917168,1.0,3.0687025073564067,8.855215089766016,68502892.0,2377.410911330332,2.1483537677405073,1.0,3.068702306501329,8.85521445876118,68502887.0,4712.913999347856,51.0
2370.6382480917114,2.1422336518423277,1.0,3.060909932921404,8.83073399516846,68307739.0,2370.6382133864454,2.1422336202920866,1.0,3.0609098927503893,8.830733868967496,68307738.0,2391.7184348582564,2.1612828044151473,1.0,3.0851640672708114,8.906930605459738,68915145.0,2391.7181919213945,2.161282583563455,1.0,3.085163786073703,8.906929722052968,68915138.0,2391.7184348582564,2.1612828044151473,1.0,3.0851640672708114,8.906930605459738,68915145.0,2391.7182613319264,2.1612826466639383,1.0,3.085163866415734,8.906929974454904,68915140.0,4741.276461478157,52.0
2384.90481940582,2.155125680083374,1.0,3.0773245730897467,8.882302108132645,68718817.0,2384.9047847005545,2.155125648533132,1.0,3.077324532918731,8.882301981931679,68718816.0,2406.11188862466,2.1742894862347786,1.0,3.101724688909354,8.958957332738265,69329879.0,2406.1116456877985,2.174289265383086,1.0,3.1017244077122457,8.958956449331495,69329872.0,2406.11188862466,2.1742894862347786,1.0,3.101724688909354,8.958957332738265,69329879.0,2406.11171509833,2.1742893284835696,1.0,3.1017244880542765,8.958956701733428,69329874.0,4769.8096041063745,53.0
2399.2572515478773,2.1680952903689272,1.0,3.093837993785117,8.93418054927486,69132369.0,2399.2572515478773,2.1680952588186857,1.0,3.0938379536141016,8.934180423073894,69132369.0,2420.5919320295966,2.187374444204236,1.0,3.118384974837265,9.011297164616096,69747108.0,2420.5917237980007,2.187374223352544,1.0,3.118384693640157,9.011296281209326,69747102.0,2420.591966734862,2.187374444204236,1.0,3.118384974837265,9.011297164616096,69747109.0,2420.591758503266,2.1873742864530272,1.0,3.1183847739821875,9.01129653361126,69747103.0,4798.514503095755,54.0
2413.696099802137,2.1811429559526156,1.0,3.110450797572749,8.986371211609612,69548411.0,2413.6960650968704,2.1811429559526156,1.0,3.110450797572749,8.986371211609612,69548410.0,2435.1591203573203,2.200538120026906,1.0,3.1351454874487623,9.063951867906773,70166848.0,2435.1589121257243,2.200537930725455,1.0,3.135145246422669,9.06395111070097,70166842.0,2435.159189767852,2.2005381515771476,1.0,3.1351455276197773,9.06395199410774,70166850.0,2435.1589815362568,2.2005379622756966,1.0,3.1351452865936844,9.063951236901937,70166844.0,4827.392164899007,55.0
2428.221780631791,2.194269181638306,1.0,3.1271636271888883,9.038876114352373,69966955.0,2428.221780631791,2.194269150088064,1.0,3.1271635870178724,9.038875988151405,69966955.0,2449.813974186821,2.213781018506655,1.0,3.1520068694800916,9.11692346182577,70589114.0,2449.813765955225,2.213780829205204,1.0,3.1520066284539983,9.116922704619965,70589108.0,2449.814043597353,2.213781081607138,1.0,3.152006949822122,9.116923714227703,70589116.0,2449.813835365757,2.213780892305688,1.0,3.15200670879603,9.116922957021902,70589110.0,4856.443561263582,56.0
2442.8349187316257,2.2074743460289006,1.0,3.143976964685722,9.091696771914751,70388019.0,2442.8348840263598,2.2074743460289006,1.0,3.143976964685722,9.091696771914751,70388018.0,2464.5570488023536,2.22710361289711,1.0,3.168969723496486,9.17021383938759,71013922.0,2464.5568405707577,2.227103423595659,1.0,3.1689694824703927,9.170213082181785,71013916.0,2464.5570835076196,2.2271036759975935,1.0,3.168969803838517,9.170214091789525,71013923.0,2464.556875276024,2.2271034866961426,1.0,3.1689695628124235,9.17021333458372,71013917.0,4885.669802757986,57.0
2457.535999975365,2.2207590170287506,1.0,3.1608915331415273,9.144835455914151,70811617.0,2457.535965270099,2.220758985478509,1.0,3.1608914929705123,9.144835329713185,70811616.0,2479.388830077642,2.2405064080021395,1.0,3.1860346922341924,9.223825019807709,71441286.0,2479.388621846046,2.240506218700689,1.0,3.1860344512080996,9.223824262601905,71441280.0,2479.3888647829076,2.2405064395523815,1.0,3.1860347324052083,9.223825146008677,71441287.0,2479.388656551312,2.240506250250931,1.0,3.1860344913791154,9.223824388802875,71441281.0,4915.0719652454645,58.0
2472.3255449419985,2.234123636341241,1.0,3.1779078949505215,9.198293933164114,71237764.0,2472.325510236732,2.234123604790999,1.0,3.1779078547795057,9.198293806963147,71237763.0,2494.30987329694,2.2539898455251293,1.0,3.203202338087429,9.277758769899666,71871222.0,2494.3096650653442,2.2539896562236783,1.0,3.2032020970613355,9.277758012693862,71871216.0,2494.309908002206,2.2539898770753704,1.0,3.2032023782584433,9.27775889610063,71871223.0,2494.309734475876,2.2539896877739203,1.0,3.2032021372323514,9.277758138894832,71871218.0,4944.6510551787305,59.0
2487.204074210514,2.2475686772199985,1.0,3.1950266526779365,9.252074096679145,71666475.0,2487.204039505248,2.2475686456697566,1.0,3.1950266125069207,9.252073970478175,71666474.0,2509.3207337445047,2.2675544302699455,1.0,3.2204733037924402,9.332017108878933,72303746.0,2509.3204908076423,2.2675542409684946,1.0,3.220473062766347,9.33201635167313,72303739.0,2509.32076844977,2.2675544618201875,1.0,3.220473343963456,9.332017235079899,72303747.0,2509.3205949234402,2.2675543040689785,1.0,3.2204731431083786,9.332016604075065,72303742.0,4974.408113715763,60.0
2502.1721777704342,2.261094612918649,1.0,3.2122484088890033,9.306177839473747,72097767.0,2502.172108359902,2.2610945813684076,1.0,3.2122483687179884,9.306177713272781,72097765.0,2524.421897294057,2.281200667040459,1.0,3.237848232085477,9.386602055960985,72738872.0,2524.421654357195,2.2812004461887656,1.0,3.2378479508883675,9.386601172554212,72738865.0,2524.421931999323,2.2812006985907,1.0,3.2378482722564916,9.386602182161951,72738873.0,2524.421793178259,2.281200540839491,1.0,3.237848071401414,9.386601551157113,72738869.0,5004.344286130336,61.0
2517.2303414954813,2.274701979791304,1.0,3.229573846490987,9.360607306964367,72531654.0,2517.2302720849493,2.27470191669082,1.0,3.229573766148955,9.36060705456243,72531652.0,2539.6139539351193,2.294928997540052,1.0,3.255327685360753,9.441515377959359,73176617.0,2539.6137109982574,2.294928776688359,1.0,3.2553274041636437,9.441514494552585,73176610.0,2539.6139886403853,2.2949290290902935,1.0,3.255327725531768,9.441515504160325,73176618.0,2539.6138498193213,2.2949289028893265,1.0,3.2553275648477062,9.441514999356457,73176614.0,5034.460613580431,62.0
2532.379155375176,2.2883912195413467,1.0,3.2470035278781015,9.415364265964538,72968153.0,2532.3790512593782,2.288391156440863,1.0,3.2470034475360707,9.415364013562602,72968150.0,2554.8974242466807,2.308739958122836,1.0,3.2729123465255316,9.496759220290492,73616996.0,2554.8971813098187,2.308739737271143,1.0,3.272912065328423,9.496758336883723,73616989.0,2554.897493657212,2.3087399896730774,1.0,3.272912386696547,9.49675934649146,73616998.0,2554.8973201308827,2.3087398634721104,1.0,3.272912226012485,9.49675884168759,73616993.0,5064.758206634555,63.0
2547.6191052832423,2.3021628685228874,1.0,3.264538135957611,9.4704508618907,73407278.0,2547.6190011674444,2.302162773872162,1.0,3.2645380154445642,9.470450483287797,73407275.0,2570.2728982182616,2.322634022042437,1.0,3.290602818145046,9.5523354759689,74060026.0,2570.272620576134,2.322633801190744,1.0,3.290602536947937,9.552334592562126,74060018.0,2570.2729676287936,2.32263408514292,1.0,3.2906028984870765,9.552335728370831,74060028.0,2570.2727941024636,2.3226339273917116,1.0,3.2906026976319995,9.552335097365997,74060023.0,5095.238106450686,64.0
2562.950781209201,2.316017368439311,1.0,3.2821782331237315,9.525868861556393,73849046.0,2562.950677093403,2.3160172737885856,1.0,3.282178112610685,9.525868482953491,73849043.0,2585.740896428852,2.3366117256529653,1.0,3.308399783126558,9.60824629041101,74505722.0,2585.740618786725,2.3366114732510312,1.0,3.3083994617584342,9.608245280803274,74505714.0,2585.7409658393844,2.3366117887534488,1.0,3.3083998634685887,9.608246542812944,74505724.0,2585.7407923130545,2.33661163100224,1.0,3.3083996626135113,9.608245911808108,74505719.0,5125.901458302604,65.0
2578.3747037320413,2.329955255644728,1.0,3.299924502283727,9.581620410378061,74293472.0,2578.37463432151,2.329955160994003,1.0,3.2999243817706807,9.581620031775163,74293470.0,2601.302008867973,2.3506735422080474,1.0,3.3263038440353,9.664493556631339,74954101.0,2601.3016965205798,2.350673289806114,1.0,3.326303522667177,9.664492547023604,74954092.0,2601.302043573239,2.3506736053085313,1.0,3.3263039243773314,9.664493809033274,74954102.0,2601.3019047521752,2.3506734475573223,1.0,3.326303723522254,9.66449317802844,74954098.0,5156.749338053551,66.0
2593.8914628412845,2.343977003392765,1.0,3.3177775460028287,9.63770740137021,74740573.0,2593.8913934307525,2.3439769402922814,1.0,3.3177774656607975,9.637707148968275,74740571.0,2616.956721409347,2.364820008061794,1.0,3.344315683778536,9.721079420046326,75405177.0,2616.956409061954,2.364819724109618,1.0,3.3443153222393964,9.72107828423762,75405168.0,2616.956756114613,2.364820039612036,1.0,3.3443157239495513,9.721079546247292,75405178.0,2616.9566519988152,2.3648199134110683,1.0,3.3443155632654893,9.721079041443424,75405175.0,5187.782856272037,67.0
2609.50157911592,2.3580831480375313,1.0,3.335738047188299,9.694131979949276,75190364.0,2609.501544410654,2.3580830849370478,1.0,3.3357379668462683,9.69413172754734,75190363.0,2632.705658747762,2.3790515649175883,1.0,3.36243586475048,9.778005647469502,75858968.0,2632.705346400369,2.3790512809654127,1.0,3.3624355032113415,9.778004511660802,75858959.0,2632.705693453028,2.3790515964678303,1.0,3.362435904921496,9.778005773670472,75858969.0,2632.70558933723,2.379051501817105,1.0,3.3624357844084494,9.77800539506757,75858966.0,5219.003123526574,68.0
2625.205642545468,2.3722741628326545,1.0,3.353806608405372,9.750896039129767,75642862.0,2625.205607840202,2.3722741312824125,1.0,3.353806568234356,9.7508959129288,75642861.0,2648.549376167473,2.3933687806797836,1.0,3.3806651100294127,9.835274510518285,76315490.0,2648.549063820079,2.393368496727608,1.0,3.380664748490274,9.835273374709583,76315481.0,2648.549410872738,2.393368812230025,1.0,3.380665150200428,9.835274636719252,76315491.0,2648.549306756941,2.3933687175792997,1.0,3.3806650296873815,9.83527425811635,76315488.0,5250.41125038567,69.0
2641.0042431194497,2.3865505841322436,1.0,3.371983912561308,9.808001724328125,76098084.0,2641.0041737089177,2.3865505525820017,1.0,3.371983872390292,9.808001598127156,76098082.0,2664.488463657999,2.407772160152248,1.0,3.399004062351581,9.89288802840814,76774760.0,2664.4881513106056,2.407771876200072,1.0,3.399003700812442,9.892886892599439,76774751.0,2664.4884983632655,2.407772191702489,1.0,3.3990041025225954,9.892888154609105,76774761.0,2664.488359542201,2.4077720970517644,1.0,3.39900398200955,9.892887776006209,76774757.0,5282.008416828367,70.0
2656.8979014168544,2.400912948290409,1.0,3.390270642563371,9.865451180960786,76556045.0,2656.897832006323,2.4009128851899253,1.0,3.39027056222134,9.86545092855885,76556043.0,2680.523441798332,2.4222622396890903,1.0,3.4174534046242466,9.950848346555512,77236793.0,2680.5231641562045,2.4222619557369143,1.0,3.417453043085107,9.950847210746808,77236785.0,2680.5235112088644,2.4222622712393322,1.0,3.417453444795262,9.950848472756478,77236795.0,2680.5233376825345,2.422262145038365,1.0,3.4174532841112,9.950847967952608,77236790.0,5313.795733423178,71.0
2672.8872074272035,2.415361728560777,1.0,3.408667400976793,9.923246302042259,77016762.0,2672.887138016672,2.4153616654602934,1.0,3.4086673206347617,9.923246049640323,77016760.0,2696.6549005779916,2.436839492543938,1.0,3.436013739412642,10.009157357974903,77701606.0,2696.65465764113,2.436839240142004,1.0,3.4360134180445185,10.009156348367167,77701599.0,2696.6550046937896,2.436839555644422,1.0,3.4360138197546735,10.009157610376837,77701609.0,2696.6548311674596,2.436839397893213,1.0,3.436013618899596,10.009156979372001,77701604.0,5345.774345443875,72.0
2688.9727164347523,2.4298974612974575,1.0,3.427174870708836,9.981389232988981,77480251.0,2688.9726470242204,2.4298973981969745,1.0,3.4271747903668057,9.981388980587049,77480249.0,2712.8834646917658,2.4515044550709013,1.0,3.4546857496240313,10.067817208082756,78169217.0,2712.883221754904,2.4515042342192093,1.0,3.4546854684269235,10.067816324675988,78169210.0,2712.8835688075637,2.451504549721627,1.0,3.454685870137078,10.067817586685658,78169220.0,2712.8833952812333,2.451504391970418,1.0,3.454685669282,10.06781695568082,78169215.0,5377.945363458973,73.0
2705.155053134287,2.4445206513043205,1.0,3.44579369449575,10.039881993016431,77946530.0,2705.1549837237553,2.4445205882038366,1.0,3.4457936141537187,10.039881740614497,77946528.0,2729.2096894239085,2.4662576951743325,1.0,3.4734701583366925,10.126830168496479,78639642.0,2729.2094464870465,2.46625747432264,1.0,3.4734698771395838,10.126829285089709,78639635.0,2729.209793539706,2.466257789825058,1.0,3.473470278849739,10.126830547099383,78639645.0,2729.209620013376,2.4662576320738485,1.0,3.473470077994661,10.126829916094543,78639640.0,5410.310036858042,74.0
2721.43480751533,2.459231866485715,1.0,3.46452459541581,10.098726853742011,78415616.0,2721.434703399532,2.459231803385232,1.0,3.4645245150737796,10.09872660134008,78415613.0,2745.6341994692066,2.4810997176580987,1.0,3.4923676082868718,10.186198258431546,79112899.0,2745.6339218270796,2.4810994968064057,1.0,3.492367327089763,10.186197375024772,79112891.0,2745.6342688797386,2.4810998123088237,1.0,3.492367728799918,10.186198637034444,79112901.0,2745.6340953534086,2.4810996545576147,1.0,3.4923675279448405,10.18619800602961,79112896.0,5442.869510914861,75.0
2737.8125001568687,2.4740316431957545,1.0,3.4833682563762824,10.157925960582167,78887524.0,2737.812396041071,2.474031548545029,1.0,3.483368135863236,10.157925581979265,78887521.0,2762.1575154066504,2.4960310904265515,1.0,3.5113788225528477,10.245923749505355,79589003.0,2762.157237764523,2.496030838024618,1.0,3.511378501184725,10.245922739897622,79588995.0,2762.157584817182,2.496031153527035,1.0,3.5113789028948785,10.24592400190729,79589005.0,2762.1574112908534,2.496030995775826,1.0,3.511378702039801,10.245923370902453,79589000.0,5475.62489619794,76.0
2754.2887557536915,2.4889204546880626,1.0,3.5023252799423967,10.217481206551401,79362272.0,2754.2886516378935,2.4889203600373375,1.0,3.5023251594293505,10.2174808279485,79362269.0,2778.780261931027,2.5110522867333187,1.0,3.5305044036998536,10.306008534732424,80067972.0,2778.779984288899,2.5110520343313847,1.0,3.53050408233173,10.306007525124688,80067964.0,2778.7803660468244,2.5110523498338018,1.0,3.530504484041884,10.306008787134356,80067975.0,2778.780192520495,2.511052192082594,1.0,3.530504283186808,10.306008156129526,80067970.0,5508.577407391585,77.0
2770.864164295318,2.503898868866992,1.0,3.5213963891924314,10.27739486326712,79839877.0,2770.8640601795205,2.5038987742162666,1.0,3.5213962686793847,10.277394484664217,79839874.0,2795.503063737122,2.5261638744827515,1.0,3.5497450748061667,10.366454885730157,80549824.0,2795.502786094994,2.526163622080817,1.0,3.5497447534380426,10.366453876122417,80549816.0,2795.50316785292,2.5261639691334765,1.0,3.549745195319213,10.366455264333055,80549827.0,2795.50299432659,2.526163811382268,1.0,3.549744994464136,10.366454633328221,80549822.0,5541.7282244748385,78.0
2787.539315771271,2.5189674220866527,1.0,3.5405822670336495,10.33766907614576,80320356.0,2787.539211655473,2.5189673274359277,1.0,3.5405821465206038,10.33766869754286,80320353.0,2812.3265108144574,2.541366421579202,1.0,3.569101558950066,10.427265074115958,81034576.0,2812.326198467064,2.5413661691772673,1.0,3.569101237581942,10.427264064508218,81034567.0,2812.3266149302553,2.5413665162299273,1.0,3.5691016794631127,10.42726545271886,81034579.0,2812.326441403926,2.5413663584787183,1.0,3.5691014786080353,10.427264821714022,81034574.0,5575.078527426744,79.0
2804.3148348763366,2.5341266507011553,1.0,3.5598835963733153,10.39830599060377,80803727.0,2804.3147307605386,2.5341265560504302,1.0,3.559883475860269,10.398305612000872,80803724.0,2829.2511931525546,2.5566604643767796,1.0,3.588574539038814,10.48844124530627,81522245.0,2829.2508808051607,2.5566601804246036,1.0,3.588574177499675,10.488440109497564,81522236.0,2829.2512972683526,2.5566605590275047,1.0,3.58857465955186,10.488441623909168,81522248.0,2829.2511237420226,2.556660401276296,1.0,3.588574458696783,10.488440992904334,81522243.0,5608.629565636875,80.0
2821.191311600037,2.5493771226148514,1.0,3.579301100289706,10.459307878258556,81290007.0,2821.191207484239,2.549377027964126,1.0,3.5793009797766593,10.459307499655655,81290004.0,2846.2777354461996,2.572046539229595,1.0,3.608164697979674,10.54998554471753,82012849.0,2846.2774230988066,2.572046255277419,1.0,3.6081643364405345,10.549984408908827,82012840.0,2846.2778395619976,2.5720466338803205,1.0,3.6081648184927206,10.549985923320431,82012852.0,2846.2776660356676,2.5720464761291115,1.0,3.608164617637643,10.549985292315597,82012847.0,5642.382519084276,81.0
2838.1693359318906,2.564719374181852,1.0,3.598835461690086,10.520676884526559,81779213.0,2838.169231816093,2.5647192795311264,1.0,3.5988353411770397,10.520676505923657,81779210.0,2863.4067276849146,2.5875252140419995,1.0,3.6278727588509234,10.611900243967149,82506405.0,2863.406415337521,2.587524930089824,1.0,3.627872397311785,10.611899108158447,82506396.0,2863.4068665059785,2.587525308692725,1.0,3.62787287936397,10.611900622570051,82506409.0,2863.4066929796486,2.587525150941516,1.0,3.6278726785088926,10.611899991565213,82506404.0,5676.338567747984,82.0
2855.2495325666864,2.5801539417562642,1.0,3.618487363481715,10.582415154824208,82271363.0,2855.2494284508894,2.580153847105539,1.0,3.6184872429686687,10.582414776221306,82271360.0,2880.6387945634856,2.603097025168104,1.0,3.6476994045598268,10.674187488471567,83002931.0,2880.638482216092,2.6030967412159285,1.0,3.647699043020688,10.674186352662865,83002922.0,2880.63893338455,2.6030971513690715,1.0,3.6476995652438893,10.674187993275435,83002935.0,2880.6387945634856,2.6030969936178625,1.0,3.647699364388812,10.674187362270601,83002931.0,5710.498961017576,83.0
2872.432526199212,2.595681393242442,1.0,3.6382575287428733,10.64452496076892,82766475.0,2872.4324220834146,2.5956812985917175,1.0,3.638257408229828,10.64452458216602,82766472.0,,,,,,,,,,,,,,,,,,,,,,,,,5744.864948282627,84.0
2889.718906818987,2.6113022965447383,1.0,3.658146680551841,10.707008573978104,83264566.0,2889.718802703189,2.6113022018940133,1.0,3.6581465600387952,10.707008195375202,83264563.0,,,,,,,,,,,,,,,,,,,,,,,,,5779.437709522175,85.0
2907.109333826065,2.627017188017261,1.0,3.678155501815878,10.769868139868194,83765655.0,2907.109229710267,2.6270170933665353,1.0,3.6781553813028314,10.769867761265292,83765652.0,,,,,,,,,,,,,,,,,,,,,,,,,5814.218563536331,86.0
2924.6043972099665,2.6428266671146043,1.0,3.6982847557842797,10.833106056257567,84269759.0,2924.604327799435,2.642826572463879,1.0,3.698284635271233,10.833105677654665,84269757.0,,,,,,,,,,,,,,,,,,,,,,,,,5849.208725009401,87.0
2942.204756370745,2.6587312701908785,1.0,3.7185351253643084,10.896724468562663,84776897.0,2942.2047216654796,2.6587312070903955,1.0,3.7185350450222785,10.896724216160731,84776896.0,,,,,,,,,,,,,,,,,,,,,,,,,5884.409478036225,88.0
2959.9110360031877,2.6747315967006773,1.0,3.738907373805259,10.960725774601858,85287087.0,2959.911001297922,2.674731565150436,1.0,3.738907333634244,10.960725648400896,85287086.0,,,,,,,,,,,,,,,,,,,,,,,,,5919.82203730111,89.0
2977.7238955073476,2.6908282145483526,1.0,3.759402224185409,11.02511224599256,85800348.0,2977.7238608020816,2.690828182998111,1.0,3.7594021840143936,11.025112119791594,85800347.0,,,,,,,,,,,,,,,,,,,,,,,,,5955.44775630943,90.0
2995.643959578011,2.7070217231884977,1.0,3.7800204397540518,11.089886280553142,86316698.0,2995.643924872745,2.707021691638256,1.0,3.780020399583037,11.089886154352175,86316697.0,,,,,,,,,,,,,,,,,,,,,,,,,5991.287884450756,91.0
3013.6718529099653,2.7233126905254648,1.0,3.8007627435894675,11.155050149901008,86836155.0,3013.6718182046993,2.723312658975223,1.0,3.8007627034184517,11.155050023700042,86836154.0,,,,,,,,,,,,,,,,,,,,,,,,,6027.343671114664,92.0
3031.8082349032634,2.7397016844636046,1.0,3.8216298587699318,11.220606125653568,87358738.0,3031.8082001979974,2.739701652913363,1.0,3.821629818598917,11.220605999452602,87358737.0,,,,,,,,,,,,,,,,,,,,,,,,,6063.616435101261,93.0
3050.0537649579587,2.756189304457512,1.0,3.842622548544741,11.286556605629197,87884466.0,3050.0537302526927,2.7561892729072706,1.0,3.8426225083737258,11.286556479428231,87884465.0,,,,,,,,,,,,,,,,,,,,,,,,,6100.107495210652,94.0
3068.4091024741033,2.7727761499617807,1.0,3.8637415761631884,11.352903987646272,88413358.0,3068.4090677688373,2.7727761184115387,1.0,3.863741535992173,11.352903861445306,88413357.0,,,,,,,,,,,,,,,,,,,,,,,,,6136.818170242941,95.0
3086.8749068517504,2.789462820431003,1.0,3.884987704874567,11.419650669523161,88945433.0,3086.874872146485,2.789462788880761,1.0,3.884987664703551,11.419650543322195,88945432.0,,,,,,,,,,,,,,,,,,,,,,,,,6173.749778998235,96.0
3105.4518374909535,2.806249915319773,1.0,3.9063616979281703,11.486799049078243,89480710.0,3105.451802785688,2.8062498837695316,1.0,3.9063616577571554,11.486798922877277,89480709.0,,,,,,,,,,,,,,,,,,,,,,,,,6210.903640276641,97.0
3124.140553791766,2.823138034082685,1.0,3.9278643185732935,11.554351524129888,90019208.0,3124.1405190864994,2.8231380025324437,1.0,3.927864278402279,11.554351397928926,90019207.0,,,,,,,,,,,,,,,,,,,,,,,,,6248.281072878265,98.0
3142.941749859505,2.8401277761743327,1.0,3.949496330059231,11.622310492496482,90560947.0,3142.941715154239,2.8401277446240902,1.0,3.9494962898882147,11.622310366295512,90560946.0,,,,,,,,,,,,,,,,,,,,,,,,,6285.883465013743,99.0
3161.8560850942245,2.85721977259955,1.0,3.9712585358062897,11.690678478197349,91105946.0,3161.8560503889585,2.857219741049308,1.0,3.971258495635274,11.690678351996382,91105945.0,,,,,,,,,,,,,,,,,,,,,,,,,6323.712135483183,100.0
3180.884253601243,2.8744146228129313,1.0,3.9931516990637648,11.759457879050874,91654225.0,3180.884218895977,2.8744145912626897,1.0,3.9931516588927494,11.759457752849908,91654224.0,,,,,,,,,,,,,,,,,,,,,,,,,6361.7684724972205,101.0
3200.0269494858803,2.891712957819312,1.0,4.015176623251965,11.828651219076399,92205804.0,3200.026880075349,2.89171292626907,1.0,4.015176583080949,11.828651092875429,92205802.0,,,,,,,,,,,,,,,,,,,,,,,,,6400.05382956123,102.0
3219.2848321481893,2.9091154086235274,1.0,4.0373341117912,11.898261022293259,92760702.0,3219.2847627376573,2.9091153455230443,1.0,4.03733403144917,11.898260769891326,92760700.0,,,,,,,,,,,,,,,,,,,,,,,,,6438.5695948858465,103.0
3238.6585956934878,2.926622574680172,1.0,4.0596249279307655,11.968289686519839,93318939.0,3238.658526282956,2.9266225115796884,1.0,4.059624847588735,11.968289434117903,93318937.0,,,,,,,,,,,,,,,,,,,,,,,,,6477.317121976444,104.0
3258.148968932361,2.94423508699408,1.0,4.082049875090968,12.038739735775469,93880536.0,3258.148899521829,2.9442350238935964,1.0,4.0820497947489365,12.038739483373533,93880534.0,,,,,,,,,,,,,,,,,,,,,,,,,6516.29786845419,105.0
3277.756645970129,2.961953608120328,1.0,4.104609796863133,12.109613820280462,94445513.0,3277.756541854331,2.9619535450198446,1.0,4.104609716521102,12.10961356787853,94445510.0,,,,,,,,,,,,,,,,,,,,,,,,,6555.513187824459,106.0
3297.482320912109,2.9797787690637536,1.0,4.127305496667571,12.180914464054165,95013890.0,3297.482216796311,2.979778674413028,1.0,4.127305376154524,12.180914085451263,95013887.0,,,,,,,,,,,,,,,,,,,,,,,,,6594.96453770842,107.0
3317.3266878636205,2.99771120082919,1.0,4.15013777792459,12.252644191115909,95585687.0,3317.326583747823,2.9977111061784645,1.0,4.150137657411543,12.252643812513007,95585684.0,,,,,,,,,,,,,,,,,,,,,,,,,6634.653271611443,108.0
3337.2904756352495,3.015751534421473,1.0,4.173107444054498,12.32480552548504,96160925.0,3337.2903715194516,3.015751439770748,1.0,4.173107323541452,12.324805146882142,96160922.0,,,,,,,,,,,,,,,,,,,,,,,,,6674.580847154701,109.0
3357.374413037579,3.0339004323956815,1.0,4.196215338648624,12.397401117381875,96739625.0,3357.374308921781,3.033900337744956,1.0,4.196215218135578,12.397400738778973,96739622.0,,,,,,,,,,,,,,,,,,,,,,,,,6714.74872195936,110.0
3377.579194175929,3.05215855730689,1.0,4.219462305298289,12.47043361702671,97321807.0,3377.579124765397,3.0521584626561644,1.0,4.219462184785243,12.470433238423809,97321805.0,,,,,,,,,,,,,,,,,,,,,,,,,6755.158318941326,111.0
3397.9055825661494,3.0705265401599355,1.0,4.242849147423804,12.543905548438893,97907493.0,3397.9055131556174,3.0705264770594516,1.0,4.242849067081773,12.543905296036957,97907491.0,,,,,,,,,,,,,,,,,,,,,,,,,6795.811095721767,112.0
3418.3543070188266,3.0890050750601357,1.0,4.266376748787508,12.617819688039692,98496704.0,3418.3542376082946,3.089005011959652,1.0,4.266376668445477,12.61781943563776,98496702.0,,,,,,,,,,,,,,,,,,,,,,,,,6836.708544627121,113.0
3438.926061639278,3.1075948245625695,1.0,4.290045952980727,12.692178686049427,99089460.0,3438.926026934012,3.107594761462086,1.0,4.2900458726386965,12.692178433647495,99089459.0,,,,,,,,,,,,,,,,,,,,,,,,,6877.8520885732905,114.0
3459.6216446486205,3.126296419672071,1.0,4.31385756342377,12.766985066487432,99685784.0,3459.621609943355,3.1262963881218293,1.0,4.313857523252755,12.76698494028647,99685783.0,,,,,,,,,,,,,,,,,,,,,,,,,6919.2432545919755,115.0
3480.4417848574403,3.1451105860442006,1.0,4.337812504049992,12.842241731975953,100285697.0,3480.441715446909,3.145110554493959,1.0,4.3378124638789775,12.842241605774987,100285695.0,,,,,,,,,,,,,,,,,,,,,,,,,6960.88350030435,116.0
1339,,1.0,2.0,,,1339,,1.0,2.0,,,,,,,,,,,,,,,,,,,,,,,,,,,14005.548705484222,117.0
1339,,1.0,2.0,,,1339,,1.0,2.0,,,,,,,,,,,,,,,,,,,,,,,,,,,9722.917338936963,118.0
1339,,1.0,2.0,,,1339,,1.0,2.0,,,,,,,,,,,,,,,,,,,,,,,,,,,9765.313916510073,119.0
1339,,1.0,2.0,,,1339,,1.0,2.0,,,,,,,,,,,,,,,,,,,,,,,,,,,9807.965681903675,120.0
1339,,1.0,2.0,,,1339,,1.0,2.0,,,,,,,,,,,,,,,,,,,,,,,,,,,9850.874058033678,121.0
1339,,1.0,2.0,,,1339,,1.0,2.0,,,,,,,,,,,,,,,,,,,,,,,,,,,9894.040676047574,122.0
1339,,1.0,2.0,,,1339,,1.0,2.0,,,,,,,,,,,,,,,,,,,,,,,,,,,9937.467062977068,123.0
1339,,1.0,2.0,,,1339,,1.0,2.0,,,,,,,,,,,,,,,,,,,,,,,,,,,9981.154815264394,124.0
1339,,1.0,2.0,,,1339,,1.0,2.0,,,,,,,,,,,,,,,,,,,,,,,,,,,10025.10549464652,125.0
1339,,1.0,2.0,,,1339,,1.0,2.0,,,,,,,,,,,,,,,,,,,,,,,,,,,10069.32066286041,126.0
1339,,1.0,2.0,,,1339,,1.0,2.0,,,,,,,,,,,,,,,,,,,,,,,,,,,10113.801951053565,127.0
1339,,1.0,2.0,,,1339,,1.0,2.0,,,,,,,,,,,,,,,,,,,,,,,,,,,10158.550920962956,128.0
1339,,1.0,2.0,,,1339,,1.0,2.0,,,,,,,,,,,,,,,,,,,,,,,,,,,10203.569134325546,129.0
1339,,1.0,2.0,,,1339,,1.0,2.0,,,,,,,,,,,,,,,,,,,,,,,,,,,10248.858256994103,130.0
1339,,1.0,2.0,,,1339,,1.0,2.0,,,,,,,,,,,,,,,,,,,,,,,,,,,10294.41988541086,131.0
1339,,1.0,2.0,,,1339,,1.0,2.0,,,,,,,,,,,,,,,,,,,,,,,,,,,10340.255789544377,132.0
1339,,1.0,2.0,,,1339,,1.0,2.0,,,,,,,,,,,,,,,,,,,,,,,,,,,10386.367565836894,133.0
1339,,1.0,2.0,,,1339,,1.0,2.0,,,,,,,,,,,,,,,,,,,,,,,,,,,10432.756776025373,134.0
1339,,1.0,2.0,,,1339,,1.0,2.0,,,,,,,,,,,,,,,,,,,,,,,,,,,10479.425190078378,135.0
1339,,1.0,2.0,,,1339,,1.0,2.0,,,,,,,,,,,,,,,,,,,,,,,,,,,10526.374473848677,136.0
1339,,1.0,2.0,,,1339,,1.0,2.0,,,,,,,,,,,,,,,,,,,,,,,,,,,10573.606258483765,137.0
1339,,1.0,2.0,,,1339,,1.0,2.0,,,,,,,,,,,,,,,,,,,,,,,,,,,10621.122313952212,138.0
1339,,1.0,2.0,,,1339,,1.0,2.0,,,,,,,,,,,,,,,,,,,,,,,,,,,10668.924340812042,139.0
1339,,1.0,2.0,,,1339,,1.0,2.0,,,,,,,,,,,,,,,,,,,,,,,,,,,10717.01403962129,140.0
1339,,1.0,2.0,,,1339,,1.0,2.0,,,,,,,,,,,,,,,,,,,,,,,,,,,10765.393076232722,141.0
1339,,1.0,2.0,,,1339,,1.0,2.0,,,,,,,,,,,,,,,,,,,,,,,,,,,10814.063324730698,142.0
1339,,1.0,2.0,,,1339,,1.0,2.0,,,,,,,,,,,,,,,,,,,,,,,,,,,10863.026450967982,143.0
1339,,1.0,2.0,,,1339,,1.0,2.0,,,,,,,,,,,,,,,,,,,,,,,,,,,10912.284259618405,144.0
1339,,1.0,2.0,,,1339,,1.0,2.0,,,,,,,,,,,,,,,,,,,,,,,,,,,10961.838485945264,145.0
1339,,1.0,2.0,,,1339,,1.0,2.0,,,,,,,,,,,,,,,,,,,,,,,,,,,11011.690934622387,146.0
1339,,1.0,2.0,,,1339,,1.0,2.0,,,,,,,,,,,,,,,,,,,,,,,,,,,11061.843375618339,147.0
1339,,1.0,2.0,,,1339,,1.0,2.0,,,,,,,,,,,,,,,,,,,,,,,,,,,11112.297648312213,148.0
1339,,1.0,2.0,,,1339,,1.0,2.0,,,,,,,,,,,,,,,,,,,,,,,,,,,11163.055557377838,149.0
1339,,1.0,2.0,,,1339,,1.0,2.0,,,,,,,,,,,,,,,,,,,,,,,,,,,11214.118838078515,150.0
1339,,1.0,2.0,,,1339,,1.0,2.0,,,,,,,,,,,,,,,,,,,,,,,,,,,11265.4894686144,151.0
1339,,1.0,2.0,,,1339,,1.0,2.0,,,,,,,,,,,,,,,,,,,,,,,,,,,11317.169323069853,152.0
1339,,1.0,2.0,,,1339,,1.0,2.0,,,,,,,,,,,,,,,,,,,,,,,,,,,11369.160136708173,153.0
1339,,1.0,2.0,,,1339,,1.0,2.0,,,,,,,,,,,,,,,,,,,,,,,,,,,11421.463818318985,154.0
1339,,1.0,2.0,,,1339,,1.0,2.0,,,,,,,,,,,,,,,,,,,,,,,,,,,11474.08227669192,155.0
1339,,1.0,2.0,,,1339,,1.0,2.0,,,,,,,,,,,,,,,,,,,,,,,,,,,11527.017385911335,156.0
1339,,1.0,2.0,,,1339,,1.0,2.0,,,,,,,,,,,,,,,,,,,,,,,,,,,11580.271089472128,157.0
1339,,1.0,2.0,,,1339,,1.0,2.0,,,,,,,,,,,,,,,,,,,,,,,,,,,11633.845261458651,158.0
1339,,1.0,2.0,,,1339,,1.0,2.0,,,,,,,,,,,,,,,,,,,,,,,,,,,11687.741845365807,159.0
1339,,1.0,2.0,,,1339,,1.0,2.0,,,,,,,,,,,,,,,,,,,,,,,,,,,11741.962749983215,160.0
1339,,1.0,2.0,,,1339,,1.0,2.0,,,,,,,,,,,,,,,,,,,,,,,,,,,11796.510057626836,161.0
1339,,1.0,2.0,,,1339,,1.0,2.0,,,,,,,,,,,,,,,,,,,,,,,,,,,11851.385607675764,162.0
1339,,1.0,2.0,,,1339,,1.0,2.0,,,,,,,,,,,,,,,,,,,,,,,,,,,11906.591378330158,163.0
1339,,1.0,2.0,,,1339,,1.0,2.0,,,,,,,,,,,,,,,,,,,,,,,,,,,11962.129382495443,164.0
1339,,1.0,2.0,,,1339,,1.0,2.0,,,,,,,,,,,,,,,,,,,,,,,,,,,12018.001598371779,165.0
1339,,1.0,2.0,,,1339,,1.0,2.0,,,,,,,,,,,,,,,,,,,,,,,,,,,12074.21010827512,166.0
1339,,1.0,2.0,,,1339,,1.0,2.0,,,,,,,,,,,,,,,,,,,,,,,,,,,12130.75685570036,167.0
1339,,1.0,2.0,,,1339,,1.0,2.0,,,,,,,,,,,,,,,,,,,,,,,,,,,12187.643922963456,168.0
1339,,1.0,2.0,,,1339,,1.0,2.0,,,,,,,,,,,,,,,,,,,,,,,,,,,12244.873322969834,169.0
1339,,1.0,2.0,,,1339,,1.0,2.0,,,,,,,,,,,,,,,,,,,,,,,,,,,12302.447138035448,170.0
1339,,1.0,2.0,,,1339,,1.0,2.0,,,,,,,,,,,,,,,,,,,,,,,,,,,12360.367381065726,171.0
1339,,1.0,2.0,,,1339,,1.0,2.0,,,,,,,,,,,,,,,,,,,,,,,,,,,12418.636203787153,172.0
1339,,1.0,2.0,,,1339,,1.0,2.0,,,,,,,,,,,,,,,,,,,,,,,,,,,12477.255619105155,173.0
1339,,1.0,2.0,,,1339,,1.0,2.0,,,,,,,,,,,,,,,,,,,,,,,,,,,12536.227848156755,174.0
1339,,1.0,2.0,,,1339,,1.0,2.0,,,,,,,,,,,,,,,,,,,,,,,,,,,12595.55497325791,175.0
1339,,1.0,2.0,,,1339,,1.0,2.0,,,,,,,,,,,,,,,,,,,,,,,,,,,12655.239180840366,176.0
1339,,1.0,2.0,,,1339,,1.0,2.0,,,,,,,,,,,,,,,,,,,,,,,,,,,12715.282587925358,177.0
1339,,1.0,2.0,,,1339,,1.0,2.0,,,,,,,,,,,,,,,,,,,,,,,,,,,12775.687276828834,178.0
1339,,1.0,2.0,,,1339,,1.0,2.0,,,,,,,,,,,,,,,,,,,,,,,,,,,12836.455503393083,179.0
1339,,1.0,2.0,,,1339,,1.0,2.0,,,,,,,,,,,,,,,,,,,,,,,,,,,12897.589419344593,180.0
1339,,1.0,2.0,,,1339,,1.0,2.0,,,,,,,,,,,,,,,,,,,,,,,,,,,12959.091280525652,181.0
1339,,1.0,2.0,,,1339,,1.0,2.0,,,,,,,,,,,,,,,,,,,,,,,,,,,13020.963273368016,182.0
1339,,1.0,2.0,,,1339,,1.0,2.0,,,,,,,,,,,,,,,,,,,,,,,,,,,13083.207653713967,183.0
1339,,1.0,2.0,,,1339,,1.0,2.0,,,,,,,,,,,,,,,,,,,,,,,,,,,13145.82653858473,184.0
1339,,1.0,2.0,,,1339,,1.0,2.0,,,,,,,,,,,,,,,,,,,,,,,,,,,13208.82228793839,185.0
1339,,1.0,2.0,,,1339,,1.0,2.0,,,,,,,,,,,,,,,,,,,,,,,,,,,13272.197157617231,186.0
1339,,1.0,2.0,,,1339,,1.0,2.0,,,,,,,,,,,,,,,,,,,,,,,,,,,13335.953472874071,187.0
1339,,1.0,2.0,,,1339,,1.0,2.0,,,,,,,,,,,,,,,,,,,,,,,,,,,13400.093454845935,188.0
1339,,1.0,2.0,,,1339,,1.0,2.0,,,,,,,,,,,,,,,,,,,,,,,,,,,13464.619394080371,189.0
1339,,1.0,2.0,,,1339,,1.0,2.0,,,,,,,,,,,,,,,,,,,,,,,,,,,13529.533650535466,190.0
1339,,1.0,2.0,,,1339,,1.0,2.0,,,,,,,,,,,,,,,,,,,,,,,,,,,13594.838549464037,191.0
1339,,1.0,2.0,,,1339,,1.0,2.0,,,,,,,,,,,,,,,,,,,,,,,,,,,13660.536485529434,192.0
1339,,1.0,2.0,,,1339,,1.0,2.0,,,,,,,,,,,,,,,,,,,,,,,,,,,13726.629749279207,193.0
1339,,1.0,2.0,,,1339,,1.0,2.0,,,,,,,,,,,,,,,,,,,,,,,,,,,13793.120804787246,194.0
1339,,1.0,2.0,,,1339,,1.0,2.0,,,,,,,,,,,,,,,,,,,,,,,,,,,13860.012012011626,195.0
1339,,1.0,2.0,,,1339,,1.0,2.0,,,,,,,,,,,,,,,,,,,,,,,,,,,13927.305765615703,196.0
1339,,1.0,2.0,,,1339,,1.0,2.0,,,,,,,,,,,,,,,,,,,,,,,,,,,13995.00449496809,197.0
1339,,1.0,2.0,,,1339,,1.0,2.0,,,,,,,,,,,,,,,,,,,,,,,,,,,14063.11066414267,198.0
1339,,1.0,2.0,,,1339,,1.0,2.0,,,,,,,,,,,,,,,,,,,,,,,,,,,14131.626702508061,199.0
,,,,,,,,,,,,,,,,,,,,,,,,,,,,,,,,,,,,14200.555004727612,200.0
